model,lead_hours,layer_hpa,component,control_control,control_optimal,optimal_control,optimal_optimal,field_at_control_center,position_in_optimal_field,position_in_control_field,field_at_optimal_center,field_symmetric,position_symmetric,total,interaction
tianxing,0,850–700,u,-0.700603391065115,-0.700603391065115,-0.6557386923505065,-0.6557386923505065,0.04486469871460852,0.0,0.0,0.04486469871460852,0.04486469871460852,0.0,0.04486469871460852,0.0
tianxing,0,850–700,v,2.6427270787493917,2.6427270787493917,2.7430508008935868,2.7430508008935868,0.10032372214419505,0.0,0.0,0.10032372214419505,0.10032372214419505,0.0,0.10032372214419505,0.0
tianxing,0,850–500,u,-0.8475532349065211,-0.8475532349065211,-0.81104285645776,-0.81104285645776,0.03651037844876115,0.0,0.0,0.03651037844876115,0.03651037844876115,0.0,0.03651037844876115,0.0
tianxing,0,850–500,v,2.3677817168826776,2.3677817168826776,2.4730869107903874,2.4730869107903874,0.10530519390770987,0.0,0.0,0.10530519390770987,0.10530519390770987,0.0,0.10530519390770987,0.0
tianxing,6,850–700,u,-0.8353452221194888,-1.0107265002765704,-0.8181802524797668,-0.9864552430640818,0.017164969639722027,-0.16827499058431505,-0.1753812781570816,0.024271257212488573,0.0207181134261053,-0.17182813437069833,-0.15111002094459303,0.007106287572766545
tianxing,6,850–700,v,2.1325616392761377,2.10825372470238,2.259060409539592,2.237138357989969,0.12649877026345413,-0.02192205154962279,-0.024307914573757916,0.12888463328758926,0.1276917017755217,-0.023114983061690353,0.10457671871383134,0.0023858630241351264
tianxing,6,850–500,u,-0.9436792588626004,-1.1721586930178902,-0.9622632156685894,-1.1872390432259428,-0.01858395680598901,-0.22497582755735335,-0.22847943415528982,-0.01508035020805254,-0.016832153507020775,-0.22672763085632158,-0.24355978436334236,0.0035036065979364706
tianxing,6,850–500,v,1.7708647614566786,1.7319043832950818,1.909025616405149,1.8658581947270627,0.1381608549484703,-0.04316742167808618,-0.03896037816159681,0.13395381143198093,0.13605733319022562,-0.041063899919841496,0.09499343327038412,-0.004207043516489373
tianxing,12,850–700,u,-3.036966682329321,-3.030663902216965,-3.0524781090992676,-3.044696795915724,-0.015511426769946546,0.007781313183543581,0.006302780112356299,-0.014032893698759263,-0.014772160234352905,0.00704204664794994,-0.007730113586402965,0.0014785330711872824
tianxing,12,850–700,v,1.3914343854067681,1.3855212334448166,1.5930435541694687,1.5831177671035688,0.20160916876270063,-0.009925787065899971,-0.005913151961951524,0.19759653365875218,0.1996028512107264,-0.007919469513925748,0.19168338169680066,-0.004012635103948448
tianxing,12,850–500,u,-2.92557873179216,-2.943262036946445,-2.978963545324092,-2.9981024436363635,-0.05338481353193192,-0.019138898312271557,-0.017683305154284845,-0.05484040668991863,-0.054112610110925274,-0.0184111017332782,-0.07252371184420348,-0.001455593157986712
tianxing,12,850–500,v,0.864519363402671,0.8569409767312562,1.0118547560272864,1.0008745923438203,0.14733539262461537,-0.010980163683466104,-0.00757838667141475,0.14393361561256401,0.1456345041185897,-0.009279275177440427,0.13635522894114926,-0.0034017770120513546
tianxing,18,850–700,u,-3.149847203074553,-3.0776348181589896,-3.063933858969896,-2.9978872906091243,0.0859133441046569,0.06604656836077183,0.07221238491556337,0.07974752754986536,0.08283043582726113,0.0691294766381676,0.15195991246542873,-0.006165816554791537
tianxing,18,850–700,v,2.4307621561263275,2.487846831313421,2.53998636141926,2.584600026744927,0.10922420529293264,0.04461366532566702,0.05708467518709348,0.09675319543150618,0.10298870036221941,0.05084917025638025,0.15383787061859966,-0.012471009861426463
tianxing,18,850–500,u,-3.1259074900934465,-3.0124455627362123,-3.0995286615844337,-2.9950950758594166,0.02637882850901274,0.10443358572501715,0.11346192735723415,0.017350486876795745,0.021864657692904244,0.10894775654112565,0.1308124142340299,-0.009028341632216996
tianxing,18,850–500,v,1.6474639393961872,1.7028119676499314,1.7205380873022995,1.7695525222671598,0.07307414790611233,0.04901443496486024,0.055348028253744186,0.06674055461722839,0.06990735126167036,0.052181231609302214,0.12208858287097257,-0.006333593288883943
tianxing,24,850–700,u,-3.0357260052246993,-3.067839452589002,-2.85148896041047,-2.882230637061652,0.1842370448142292,-0.030741676651182104,-0.03211344736430277,0.18560881552734987,0.18492293017078953,-0.03142756200774244,0.1534953681630471,0.001371770713120668
tianxing,24,850–700,v,1.66941628586483,1.7865353033673617,1.639102370148755,1.7367533235526058,-0.030313915716075,0.09765095340385077,0.11711901750253162,-0.04978197981475585,-0.040047947765415426,0.1073849854531912,0.06733703768777577,-0.01946806409868085
tianxing,24,850–500,u,-3.3615365714407592,-3.340697628122125,-3.2139043372208755,-3.1926879332002374,0.1476322342198837,0.02121640402063818,0.02083894331863423,0.14800969492188765,0.14782096457088567,0.021027673669636204,0.16884863824052188,0.0003774607020039511
tianxing,24,850–500,v,1.1009468004185254,1.189261823413887,1.0486537018521371,1.1254110392973347,-0.05229309856638831,0.07675733744519753,0.08831502299536154,-0.06385078411655232,-0.05807194134147031,0.08253618022027953,0.02446423887880922,-0.01155768555016401
tianxing,30,850–700,u,-2.397723000464408,-2.467577617916155,-2.1153339826171838,-2.1618943101896666,0.28238901784722437,-0.04656032757248285,-0.06985461745174693,0.30568330772648844,0.2940361627868564,-0.05820747251211489,0.23582869027474151,0.023294289879264074
tianxing,30,850–700,v,1.1320802831803896,1.232781227763328,1.037993318702087,1.1350296925845407,-0.09408696447830245,0.09703637388245356,0.10070094458293855,-0.09775153517878743,-0.09591924982854494,0.09886865923269605,0.0029494094041511154,-0.0036645707004849815
tianxing,30,850–500,u,-2.8592175147229693,-2.945855194251477,-2.604067375469671,-2.671694309199438,0.2551501392532982,-0.06762693372976702,-0.08663767952850776,0.27416088505203895,0.2646555121526686,-0.07713230662913739,0.1875232055235312,0.019010745798740736
tianxing,30,850–500,v,0.9214097532099202,0.966884476035327,0.7767037436454293,0.8228776648111056,-0.14470600956449098,0.04617392116567631,0.045474722825406766,-0.14400681122422143,-0.1443564103943562,0.04582432199554154,-0.09853208839881467,0.0006991983402695467
tianxing,36,850–700,u,-3.9909676000808414,-4.006406181876518,-3.5814701897096928,-3.571181325053087,0.4094974103711486,0.010288864656605945,-0.015438581795677031,0.4352248568234316,0.4223611335972901,-0.002574858569535543,0.41978627502775456,0.025727446452282976
tianxing,36,850–700,v,-0.02422378551854695,0.04390606719688053,-0.2169206825922515,-0.1547096098407233,-0.19269689707370455,0.06221107275152821,0.06812985271542749,-0.19861567703760383,-0.1956562870556542,0.06517046273347785,-0.13048582432217634,-0.005918779963899275
tianxing,36,850–500,u,-4.066516810515261,-4.135482803300228,-3.681989445767906,-3.729076695444709,0.38452736474735527,-0.04708724967680311,-0.06896599278496662,0.4064061078555188,0.395466736301437,-0.05802662123088487,0.33744011507055216,0.021878743108163512
tianxing,36,850–500,v,0.06536478697306196,0.10500672836471929,-0.1424712074459723,-0.10076919784804346,-0.20783599441903428,0.041702009597928844,0.03964194139165733,-0.20577592621276275,-0.2068059603158985,0.04067197549479309,-0.16613398482110542,0.002060068206271512
tianxing,42,850–700,u,-3.871506817035037,-3.832027032097881,-3.3377651325528435,-3.25738494346608,0.5337416844821936,0.08038018908676348,0.039479784937156204,0.5746420886318009,0.5541918865569972,0.05992998701195984,0.6141218735689571,0.04090040414960727
tianxing,42,850–700,v,0.8670746854177294,0.9056145336910627,0.5937589102830756,0.628027709150533,-0.27331577513465377,0.03426879886745737,0.038539848273333344,-0.27758682454052974,-0.27545129983759176,0.03640432357039536,-0.2390469762671964,-0.004271049405875971
tianxing,42,850–500,u,-3.8134928927154874,-3.837857581229832,-3.2731644364607466,-3.262427326309407,0.5403284562547408,0.010737110151339824,-0.02436468851434448,0.5754302549204251,0.557879355587583,-0.006813789181502328,0.5510655664060806,0.0351017986656843
tianxing,42,850–500,v,0.9047092605550588,0.9283639119614551,0.6594646334368544,0.6867420195878706,-0.2452446271182045,0.02727738615101627,0.02365465140639622,-0.24162189237358445,-0.24343325974589447,0.025466018778706245,-0.21796724096718822,0.0036227347446200486
tianxing,48,850–700,u,-3.6610892423406103,-3.6470491962491343,-2.985518864390469,-2.9106371511504325,0.6755703779501414,0.07488171324003634,0.014040046091476022,0.7364120450987017,0.7059912115244216,0.04446087966575618,0.7504520911901778,0.06084166714856032
tianxing,48,850–700,v,-0.10288823069999645,-0.04576359504203498,-0.3214146568153779,-0.27889798872113764,-0.21852642611538145,0.04251666809424026,0.05712463565796147,-0.23313439367910266,-0.22583040989724207,0.049820651876100866,-0.1760097580211412,-0.014607967563721208
tianxing,48,850–500,u,-3.8210341542862043,-3.8523954313511592,-3.09297259416823,-3.075177488855351,0.7280615601179745,0.017795105312878867,-0.03136127706495495,0.7772179424958083,0.7526397513068914,-0.006783085876038042,0.7458566654308534,0.04915638237783382
tianxing,48,850–500,v,0.11833835308935786,0.16282907112069595,-0.09565257143289925,-0.05590192365297701,-0.2139909245222571,0.03975064777992224,0.04449071803133808,-0.21873099477367297,-0.21636095964796503,0.04212068290563016,-0.1742402767423349,-0.0047400702514158455
tianxing,54,850–700,u,-3.025966874287355,-2.9675537051477447,-2.1640500043326503,-1.954427852853228,0.8619168699547046,0.20962215147942231,0.058413169139610144,1.0131258522945168,0.9375213611246107,0.13401766030951623,1.071539021434127,0.15120898233981217
tianxing,54,850–700,v,-0.6988311252770384,-0.550236369278635,-0.8283907404266003,-0.7056807203956034,-0.12955961514956194,0.12271002003099696,0.14859475599840344,-0.15544435111696842,-0.14250198313326518,0.1356523880147002,-0.006849595118564977,-0.02588473596740648
tianxing,54,850–500,u,-3.247461179531734,-3.2745915417459175,-2.313273969955763,-2.2202085983079263,0.9341872095759709,0.09306537164783668,-0.027130362214183634,1.0543829434379912,0.9942850765069811,0.03296750471682652,1.0272525812238076,0.12019573386202032
tianxing,54,850–500,v,-0.16237156543061987,-0.07294357283084882,-0.34132099615049716,-0.2536455763370905,-0.1789494307198773,0.08767541981340665,0.08942799259977105,-0.1807020035062417,-0.1798257171130595,0.08855170620658885,-0.09127401090647064,-0.001752572786364398
tianxing,60,850–700,u,-4.096008488679276,-4.034175639252947,-3.0363985372089024,-2.8471896049374457,1.0596099514703736,0.18920893227145674,0.06183284942632916,1.1869860343155012,1.1232979928929374,0.12552089084889295,1.2488188837418304,0.12737608284512802
tianxing,60,850–700,v,-1.6171284951405807,-1.4484335922271583,-1.765245907560274,-1.6426073268084718,-0.14811741241969334,0.12263858075180223,0.16869490291342237,-0.19417373458131348,-0.1711455735005034,0.1456667418326123,-0.02547883166789111,-0.046056322161620145
tianxing,60,850–500,u,-4.033449028323839,-4.048415945723392,-2.9010549886390997,-2.7999449029324803,1.1323940396847396,0.10111008570661939,-0.014966917399553026,1.248471042790912,1.1904325412378258,0.04307158415353318,1.233504125391359,0.11607700310617286
tianxing,60,850–500,v,-1.182728931162332,-1.063927548768758,-1.3454905374389856,-1.2410112981080863,-0.1627616062766537,0.10447923933089931,0.11880138239357385,-0.17708374933932824,-0.16992267780799097,0.11164031086223658,-0.058282366945754394,-0.014322143062674542
tianxing,66,850–700,u,-3.530735033296778,-3.579291436411944,-2.531797148093424,-2.4220506793560004,0.9989378852033544,0.10974646873742344,-0.048556403115165736,1.1572407570559435,1.078089321129649,0.030595032811128853,1.1086843539407778,0.15830287185258918
tianxing,66,850–700,v,-0.9366799338372925,-0.7038206132158011,-1.0150437320654278,-0.8730745898627561,-0.07836379822813522,0.14196914220267165,0.2328593206214914,-0.16925397664695496,-0.12380888743754509,0.18741423141208152,0.06360534397453643,-0.09089017841881974
tianxing,66,850–500,u,-3.5762019469125597,-3.640544772215126,-2.4549537742775853,-2.362038488894674,1.1212481726349743,0.09291528538291116,-0.06434282530256619,1.2785062833204517,1.199877227977713,0.014286230040172487,1.2141634580178855,0.15725811068547735
tianxing,66,850–500,v,-0.7057815404207124,-0.4854581827865297,-0.7979190001671868,-0.6307079756359946,-0.09213745974647436,0.1672110245311922,0.2203233576341827,-0.14524979284946488,-0.11869362629796962,0.19376719108268745,0.07507356478471783,-0.05311233310299057
tianxing,72,850–700,u,-2.5047200222935633,-2.773096406908898,-1.5692932331828235,-1.6557874597902424,0.9354267891107397,-0.0864942266074189,-0.26837638461533464,1.1173089471186555,1.0263678681146975,-0.17743530561137677,0.8489325625033208,0.18188215800791596
tianxing,72,850–700,v,-2.1840447726545795,-1.8553038917917828,-2.1462446508163033,-1.870599673304158,0.03780012183827619,0.27564497751214523,0.32874088086279674,-0.015295781512375317,0.011252170162950437,0.302192929187471,0.3134450993504214,-0.05309590335065151
tianxing,72,850–500,u,-2.901349743668751,-3.110358318482774,-1.808601769505974,-1.835878760976275,1.0927479741627772,-0.02727699147030105,-0.2090085748140229,1.274479557506499,1.1836137658346382,-0.11814278314216198,1.0654709826924762,0.18173158334372186
tianxing,72,850–500,v,-1.969312538008044,-1.5678997286750493,-1.9657609041040693,-1.6010505629715452,0.003551633903974727,0.3647103411325241,0.4014128093329947,-0.0331508342964959,-0.014799600196260587,0.3830615752327594,0.3682619750364988,-0.03670246820047063
tianxing,78,850–700,u,-0.6257078099053686,-0.974734902134723,0.37268825256935467,0.191463759415596,0.9983960624747232,-0.18122449315375866,-0.34902709222935446,1.166198661550319,1.0822973620125211,-0.26512579269155656,0.8171715693209646,0.1678025990755958
tianxing,78,850–700,v,-2.4220181461917036,-2.241606279341411,-2.4077909061465794,-2.1202068127543403,0.014227240045124212,0.2875840933922391,0.18041186685029276,0.12139946658707057,0.06781335331609739,0.23399798012126594,0.3018113334373633,0.10717222654194636
tianxing,78,850–500,u,-1.4040332405677387,-1.5713139130959362,-0.29291156561402887,-0.3208970546097095,1.1111216749537098,-0.027985488995680652,-0.16728067252819745,1.2504168584862265,1.180769266719968,-0.09763308076193905,1.083136185958029,0.1392951835325169
tianxing,78,850–500,v,-2.3842068914951797,-1.999166894142195,-2.419647818858745,-1.9670940203443945,-0.03544092736356541,0.4525537985143506,0.3850399973529848,0.03207287379780044,-0.0016840267828824862,0.4187968979336677,0.4171128711507852,0.06751380116136563
tianxing,84,850–700,u,-0.008108342256761936,-0.1259323207651128,1.0991837090745136,1.110496917405523,1.1072920513312754,0.011313208331009461,-0.11782397850835086,1.2364292381706359,1.1718606447509556,-0.0532553850886707,1.118605259662285,0.12913718683936032
tianxing,84,850–700,v,-3.0220269532671207,-2.8809561047054677,-3.247952912055767,-3.094795612858702,-0.2259259587886464,0.1531572991970651,0.14107084856165297,-0.21383950815323427,-0.21988273347094034,0.14711407387935904,-0.0727686595915813,0.012086450635412138
tianxing,84,850–500,u,-0.8913597837441625,-0.7624950613016277,0.26591235728323026,0.45436404853902546,1.1572721410273927,0.1884516912557952,0.12886472244253477,1.2168591098406532,1.1870656254340228,0.15865820684916498,1.345723832283188,0.05958696881326042
tianxing,84,850–500,v,-3.2672556602052945,-2.935719296958786,-3.4994477837133227,-3.1815894554480093,-0.2321921235080282,0.31785832826531335,0.33153636324650826,-0.2458701584892231,-0.23903114099862566,0.3246973457559108,0.08566620475728515,-0.013678034981194909
tianxing,90,850–700,u,1.656061898841865,1.4663905370697388,2.5150570877448613,2.5256114739640507,0.8589951889029963,0.010554386219189471,-0.18967136177212618,1.059220936894312,0.9591080628986541,-0.08955848777646835,0.8695495751221858,0.20022574799131565
tianxing,90,850–700,v,-2.3127190480812936,-1.9370546753369733,-2.8468215056390394,-2.504598040735128,-0.5341024575577458,0.34222346490391153,0.3756643727443203,-0.5675433653981545,-0.5508229114779502,0.3589439188241159,-0.19187899265383423,-0.03344090784040876
tianxing,90,850–500,u,0.23318697556963947,0.5027630445869697,1.1707296084541179,1.5486093255610813,0.9375426328844785,0.37787971710696344,0.2695760690173303,1.0458462809741116,0.991694456929295,0.3237278930621469,1.315422349991442,0.10830364808963316
tianxing,90,850–500,v,-2.6333704035078043,-2.0309739661657638,-3.130925511240433,-2.610562760282586,-0.4975551077326288,0.520362750957847,0.6023964373420405,-0.5795887941168223,-0.5385719509247255,0.5613795941499438,0.02280764322521822,-0.0820336863841935
tianxing,96,850–700,u,2.720941817853501,2.160025064829976,3.4600878972222584,3.144305846045733,0.7391460793687572,-0.31578205117652525,-0.5609167530235251,0.984280781215757,0.8617134302922571,-0.43834940210002515,0.42336402819223196,0.24513470184699981
tianxing,96,850–700,v,-2.7528167775369896,-2.4124067468303148,-3.5256701387779428,-3.2080751982458984,-0.7728533612409532,0.3175949405320444,0.34041003070667486,-0.7956684514155836,-0.7842609063282684,0.32900248561935963,-0.45525842070890876,-0.02281509017463046
tianxing,96,850–500,u,1.225331674956345,1.152526563185833,2.090140568788908,2.1546610847539083,0.8648088938325629,0.06452051596500041,-0.07280511177051197,1.0021345215680753,0.9334717077003191,-0.004142297902755776,0.9293294097975633,0.13732562773551238
tianxing,96,850–500,v,-2.805885508254544,-2.2301876323622114,-3.5815521146237517,-3.0728153712747077,-0.7756666063692075,0.508736743349044,0.5756978758923328,-0.8426277389124963,-0.8091471726408519,0.5422173096206884,-0.2669298630201635,-0.06696113254328884
tianxing,102,850–700,u,4.051335079953802,4.464894807213629,4.840059309843648,5.505842626649252,0.788724229889846,0.6657833168056042,0.4135597272598277,1.0409478194356225,0.9148360246627343,0.539671522032716,1.4545075466954502,0.2522235895457765
tianxing,102,850–700,v,-2.0113559261359866,-1.0961859065572082,-2.9389881929092843,-1.903384706098704,-0.9276322667732977,1.0356034868105803,0.9151700195787784,-0.8071987995414958,-0.8674155331573967,0.9753867531946794,0.10797122003728266,0.12043346723180193
tianxing,102,850–500,u,2.6614379723649337,3.5128429962917935,3.546443802236711,4.5535646238384615,0.8850058298717771,1.0071208216017506,0.8514050239268598,1.040721627546668,0.9628637287092225,0.9292629227643052,1.8921266514735278,0.15571579767489085
tianxing,102,850–500,v,-2.073972458752453,-0.8627200616497523,-3.085512317277676,-1.8314587364237407,-1.0115398585252233,1.2540535808539355,1.2112523971027005,-0.9687386747739883,-0.9901392666496058,1.232652988978318,0.24251372232871216,0.042801183751234984
tianxing,108,850–700,u,3.8959982344392925,4.98102671496923,4.717492645666596,6.071423870828505,0.8214944112273033,1.353931225161909,1.085028480529938,1.0903971558592742,0.9559457835432887,1.2194798528459234,2.175425636389212,0.26890274463197095
tianxing,108,850–700,v,-1.895903725780427,-0.5632031585410235,-3.156174120735829,-1.3762875483717667,-1.260270394955402,1.7798865723640622,1.3327005672394034,-0.8130843898307432,-1.0366773923930725,1.5562935698017328,0.5196161774086603,0.4471860051246588
tianxing,108,850–500,u,2.745608628988906,4.312346377423191,3.6205788471594222,5.3941801809321275,0.8749702181705161,1.7736013337727052,1.566737748434285,1.0818338035089363,0.9784020108397262,1.6701695411034951,2.6485715519432214,0.2068635853384202
tianxing,108,850–500,v,-2.0904015365241695,-0.33474689562301974,-3.5076248898277647,-1.371408424825319,-1.4172233533035952,2.1362164650024456,1.7556546409011498,-1.0366615292022994,-1.2269424412529473,1.9459355529517977,0.7189931116988504,0.3805618241012958
tianxing,114,850–700,u,4.78882121491384,5.373212401877865,5.945474617525608,6.546925908466768,1.1566534026117683,0.60145129094116,0.5843911869640248,1.1737135065889035,1.165183454600336,0.5929212389525924,1.7581046935529283,0.0170601039771352
tianxing,114,850–700,v,-0.8969372208587494,0.914823358856282,-2.51839327131873,0.4506114380459505,-1.6214560504599804,2.9690047093646803,1.8117605797150313,-0.46421192081033147,-1.042833985635156,2.390382644539856,1.3475486589046999,1.1572441296496487
tianxing,114,850–500,u,3.5110463589144376,4.7989378333365345,4.63661111908631,5.910117060834207,1.1255647601718723,1.2735059417478967,1.2878914744220968,1.1111792274976722,1.1183719938347723,1.2806987080849968,2.399070701919769,-0.014385532674200174
tianxing,114,850–500,v,-0.8743439622308025,1.1633269742169445,-2.5966561527634267,0.5737889298378868,-1.7223121905326242,3.1704450826013133,2.037670936447747,-0.5895380443790578,-1.155925117455841,2.6040580095245303,1.4481328920686893,1.1327741461535663
tianxing,120,850–700,u,4.708158292787992,5.240731108158161,6.068683198622594,6.028094657251399,1.3605249058346018,-0.04058854137119461,0.5325728153701688,0.7873635490932385,1.0739442274639202,0.24599213699948708,1.3199363644634072,-0.5731613567413634
tianxing,120,850–700,v,-0.9038966896816547,1.0844899713905236,-3.0842946714021586,1.3956920742593804,-2.180397981720504,4.479986745661539,1.9883866610721783,0.31120210286885674,-0.9345979394258237,3.2341867033668588,2.299588763941035,2.4916000845893604
tianxing,120,850–500,u,3.7201484928258064,4.914002856369724,5.088278761120357,5.690496414804479,1.3681302682945504,0.6022176536841224,1.1938543635439172,0.7764935584347556,1.072311913364653,0.8980360086140198,1.9703479219786728,-0.5916367098597948
tianxing,120,850–500,v,-0.6308082961486382,1.3048597801419954,-2.8353261924698585,1.5952928225981737,-2.2045178963212204,4.430619015068032,1.9356680762906335,0.2904330424561783,-0.9570424269325211,3.183143545679333,2.226101118746812,2.4949509387773987
tianxing,126,850–700,u,5.298303577132946,5.565276002451286,6.76459717375373,5.625740950025669,1.4662935966207842,-1.1388562237280606,0.26697242531834053,0.06046494757438303,0.7633792720975836,-0.43594189920486004,0.32743737289272357,-1.4058286490464011
tianxing,126,850–700,v,-0.35779104748072865,1.1028872502593356,-2.692248048633828,2.4693668663284454,-2.3344570011530994,5.161614914962273,1.4606782977400643,1.3664796160691097,-0.48398869254199484,3.3111466063511688,2.827157913809174,3.700936617222209
tianxing,126,850–500,u,4.47885640790118,5.295139671650503,5.946692503347744,5.330401065395552,1.4678360954465637,-0.6162914379521913,0.8162832637493231,0.03526139374504922,0.7515487445958065,0.09999591289856591,0.8515446574943724,-1.4325747017015145
tianxing,126,850–500,v,-0.1672195831363606,1.1972812025249115,-2.562443096922931,2.6079750576974146,-2.3952235137865703,5.170418154620346,1.364500785661272,1.410693855172503,-0.49226482930703364,3.2674594701408086,2.7751946408337753,3.805917368959073
tianxing,132,850–700,u,4.642528999960339,4.229333441792342,6.217701168429956,4.264856187367283,1.5751721684696172,-1.9528449810626736,-0.41319555816799713,0.03552274557494073,0.805347457022279,-1.1830202696153354,-0.3776728125930564,-1.5396494228946764
tianxing,132,850–700,v,-0.8698194236963245,-0.2794320963470254,-3.2229891128866552,1.7229241260682804,-2.353169689190331,4.945913238954936,0.590387327349299,2.002356222415306,-0.17540673338751245,2.768150283152117,2.592743549764605,4.355525911605636
tianxing,132,850–500,u,4.118852463626558,4.401483525538909,5.625963862848117,4.236769958419876,1.507111399221559,-1.3891939044282413,0.2826310619123511,-0.1647135671190334,0.6711989160512628,-0.5532814212579451,0.1179174947933177,-1.6718249663405924
tianxing,132,850–500,v,-0.7690792042137181,-0.04265319743342545,-3.2711480852396373,2.0004222465406203,-2.5020688810259193,5.271570331780257,0.7264260067802927,2.043075443974046,-0.22949671852593667,2.998998169280275,2.7695014507543383,4.545144324999964
tianxing,138,850–700,u,4.836720390966048,3.9511287550442167,6.7010811683940705,3.820308454894972,1.8643607774280229,-2.8807727134990984,-0.885591635921831,-0.1308203001492445,0.8667702386393892,-1.8831821747104647,-1.0164119360710755,-1.995181077577267
tianxing,138,850–700,v,-0.2801195726217734,0.485592740288155,-2.812419951488641,2.711421975915787,-2.5323003788668674,5.523841927404428,0.7657123129099284,2.225829235627632,-0.15323557161961765,3.144777120157178,2.9915415485375605,4.7581296144945
tianxing,138,850–500,u,4.287831798409978,4.391469479532645,5.880181455670996,3.9001427538085567,1.5923496572610185,-1.9800387018624397,0.10363768112266758,-0.49132672572408875,0.5505114657684649,-0.938200510369886,-0.3876890446014212,-2.0836763829851073
tianxing,138,850–500,v,-0.09945708782658545,0.625519699260539,-2.6622233879113333,2.928220994898033,-2.562766300084748,5.590444382809366,0.7249767870871244,2.302701295637494,-0.13003250222362706,3.157710584948245,3.027678082724618,4.865467595722242
tianxing,144,850–700,u,4.90355902808234,3.9408097503487527,6.8334658644175885,3.5125576492742168,1.929906836335249,-3.3209082151433718,-0.9627492777335869,-0.42825210107453593,0.7508273676303565,-2.1418287464384793,-1.3910013788081228,-2.358158937409785
tianxing,144,850–700,v,-0.5871787703287974,-0.13358521146587676,-3.4584761031947417,2.1388791476424402,-2.8712973328659444,5.597355250837182,0.45359355886292063,2.272464359108317,-0.2994164868788136,3.0254744048500517,2.7260579179712376,5.143761691974262
tianxing,144,850–500,u,4.573872780875341,4.491097418144442,6.277515914114652,3.641883153757269,1.7036431332393107,-2.6356327603573826,-0.08277536273089936,-0.8492142643871725,0.4272144344260691,-1.359204061544141,-0.9319896271180719,-2.5528573976264832
tianxing,144,850–500,v,-0.2850984355790347,0.03573349554176951,-2.9454349294780933,2.415688421236538,-2.6603364938990586,5.361123350714632,0.3208319311208042,2.3799549256947685,-0.14019078410214503,2.840977640917718,2.7007868568155726,5.040291419593827
tianxing,150,850–700,u,5.503906005298718,4.247135950030604,7.2804540437272465,3.4350736997718463,1.7765480384285288,-3.8453803439554,-1.256770055268114,-0.8120622502587573,0.48224289408488574,-2.5510751996117573,-2.0688323055268714,-2.5886102886872857
tianxing,150,850–700,v,-0.42387637234511943,-0.3916175985357703,-2.922195648035605,1.8570171681311072,-2.4983192756904855,4.779212816166712,0.03225877380934916,2.2486347666668776,-0.12484225451180397,2.405735794988031,2.2808935404762267,4.7469540423573635
tianxing,150,850–500,u,5.253133733980659,4.698441516763248,6.886912957895722,3.4929648149703643,1.633779223915063,-3.393948142925358,-0.5546922172174114,-1.2054767017928838,0.21415126106108962,-1.9743201800713848,-1.7601689190102952,-2.8392559257079473
tianxing,150,850–500,v,-0.23205798676345976,-0.1611628737164424,-2.4844740650944073,2.1896054578789537,-2.2524160783309477,4.674079522973361,0.07089511304701737,2.350768331595396,0.04917612663222415,2.3724873180101893,2.4216634446424132,4.603184409926344
tianxing,156,850–700,u,4.510719780253979,2.6154088108786135,6.4248595099705605,2.0222598160319736,1.9141397297165819,-4.402599693938587,-1.8953109693753651,-0.59314899484664,0.660495367434971,-3.148955331656976,-2.488459964222005,-2.507288724563222
tianxing,156,850–700,v,-1.15586962865574,-1.2647324514344536,-3.120577195174648,0.6975437268683997,-1.964707566518908,3.8181209220430476,-0.10886282277871362,1.9622761783028533,-0.0012156941080273542,1.854629049632167,1.8534133555241397,3.9269837448217615
tianxing,156,850–500,u,4.655670640921884,3.401140683000185,6.33024093570482,2.291064799451063,1.674570294782936,-4.039176136253757,-1.254529957921699,-1.110075883549122,0.28224720561690697,-2.646853047087728,-2.364605841470821,-2.784646178332058
tianxing,156,850–500,v,-1.0302288271672668,-0.8320179543862865,-2.8137223319725826,1.1317058112375336,-1.7834935048053158,3.9454281432101164,0.19821087278098037,1.96372376562382,0.09011513040925212,2.0718195079955484,2.1619346384048006,3.7472172704291364
tianxing,162,850–700,u,4.586115093826332,2.4912726439026764,6.475024555606615,1.9745458104897642,1.8889094617802833,-4.500478745116851,-2.0948424499236555,-0.5167268334129123,0.6860913141836855,-3.2976605975202533,-2.611569283336568,-2.4056362951931956
tianxing,162,850–700,v,-0.23870794188268718,0.049293157475856664,-2.031011499216971,1.5019234901319556,-1.792303557334284,3.532934989348927,0.28800109935854384,1.452630332656099,-0.16983661233909253,1.9104680443537354,1.7406314320146428,3.244933889990383
tianxing,162,850–500,u,4.711368795183351,3.366845542776158,6.180737141782843,2.222904596950616,1.4693683465994916,-3.957832544832227,-1.3445232524071935,-1.143940945825542,0.16271370038697475,-2.6511778986197103,-2.4884641982327356,-2.6133092924250336
tianxing,162,850–500,v,-0.11854419492532518,0.41441479769469,-1.69667378057558,1.7985327797907966,-1.5781295856502549,3.495206560366377,0.5329589926200151,1.3841179820961067,-0.09700580177707407,2.014082776493196,1.9170769747161218,2.9622475677463616
tianxing,168,850–700,u,4.5914747367434625,2.6227202050139002,6.153529345804721,2.1329413196699583,1.5620546090612581,-4.020588026134762,-1.9687545317295623,-0.489778885343942,0.5361378618586581,-2.994671278932162,-2.4585334170735043,-2.0518334944051997
tianxing,168,850–700,v,-0.3217938106909516,-0.0497938172815281,-1.898290090783617,1.1155780584617467,-1.5764962800926656,3.013868149245364,0.2719999934094235,1.1653718757432747,-0.20556220217469545,1.6429340713273937,1.4373718691526984,2.7418681558359403
tianxing,168,850–500,u,4.716968317985643,3.364326428721559,5.8560331922948015,2.1175302129259634,1.1390648743091587,-3.738502979368838,-1.352641889264084,-1.2467962157955954,-0.05386567074321835,-2.545572434316461,-2.5994381050596793,-2.385861090104754
tianxing,168,850–500,v,-0.040137978269316865,0.3870069832680676,-1.3278690739666772,1.3752132820474312,-1.2877310956973602,2.703082356014108,0.42714496153738446,0.9882062987793636,-0.1497623984589983,1.5651136587757464,1.415351260316748,2.275937394476724
pangu_6h,0,850–700,u,-0.7006033781761124,-0.7006033781761124,-0.6557386849069948,-0.6557386849069948,0.04486469326911757,0.0,0.0,0.04486469326911757,0.04486469326911757,0.0,0.04486469326911757,0.0
pangu_6h,0,850–700,v,2.642727083575817,2.642727083575817,2.7430507960025428,2.7430507960025428,0.10032371242672555,0.0,0.0,0.10032371242672555,0.10032371242672555,0.0,0.10032371242672555,0.0
pangu_6h,0,850–500,u,-0.8475532359550346,-0.8475532359550346,-0.8110428684930198,-0.8110428684930198,0.03651036746201486,0.0,0.0,0.03651036746201486,0.03651036746201486,0.0,0.03651036746201486,0.0
pangu_6h,0,850–500,v,2.367781721374085,2.367781721374085,2.473086906362286,2.473086906362286,0.10530518498820118,0.0,0.0,0.10530518498820118,0.10530518498820118,0.0,0.10530518498820118,0.0
pangu_6h,6,850–700,u,-0.7601036609852692,-0.9037268859213458,-0.7694304187632006,-0.900192298852015,-0.00932675777793146,-0.1307618800888144,-0.1436232249360766,0.0035345870693307413,-0.0028960853543003595,-0.1371925525124455,-0.14008863786674586,0.012861344847262202
pangu_6h,6,850–700,v,1.8490903795634503,1.8316368539242707,1.9754228663294828,1.9622894070650707,0.12633248676603248,-0.013133459264412117,-0.01745352563917968,0.13065255314080004,0.12849251995341626,-0.015293492451795898,0.11319902750162036,0.004320066374767562
pangu_6h,6,850–500,u,-0.7802235831924014,-0.9731684996830203,-0.832888193474866,-1.0173693284736143,-0.05266461028246461,-0.1844811349987483,-0.19294491649061896,-0.04420082879059395,-0.04843271953652928,-0.18871302574468363,-0.2371457452812129,0.008463781491870659
pangu_6h,6,850–500,v,1.6170323802383324,1.5874650682621574,1.7520675288294534,1.7241823841444837,0.13503514859112098,-0.02788514468496972,-0.029567311976175015,0.13671731588232627,0.13587623223672363,-0.028726228330572368,0.10715000390615126,0.0016821672912052943
pangu_6h,12,850–700,u,-2.8941244945266105,-2.915650393454957,-2.8528543626246456,-2.876212903129712,0.041270131901964824,-0.023358540505066472,-0.021525898928346443,0.039437490325244795,0.04035381111360481,-0.022442219716706457,0.017911591396898352,-0.0018326415767200288
pangu_6h,12,850–700,v,1.4436460680585597,1.4464541360752192,1.5520480644121246,1.5495732271275233,0.10840199635356496,-0.0024748372846012945,0.0028080680166595595,0.1031190910523041,0.10576054370293453,0.00016661536602913252,0.10592715906896366,-0.005282905301260854
pangu_6h,12,850–500,u,-2.6245820809147355,-2.6546766231832413,-2.6186046668766685,-2.6497023464277167,0.005977414038067064,-0.031097679551048252,-0.03009454226850572,0.0049742767555245315,0.005475845396795798,-0.030596110909776986,-0.025120265512981188,-0.0010031372825425322
pangu_6h,12,850–500,v,1.0548910576008526,1.0564004772247961,1.1653138052283682,1.1609778041154588,0.1104227476275157,-0.004336001112909438,0.0015094196239435753,0.10457732689066268,0.10750003725908919,-0.0014132907444829312,0.10608674651460626,-0.005845420736853013
pangu_6h,18,850–700,u,-3.0543624354184225,-2.9859305621468417,-2.9046616125879408,-2.8475893316788645,0.1497008228304817,0.057072280909076234,0.06843187327158073,0.1383412304679772,0.14402102664922944,0.06275207709032848,0.20677310373955793,-0.0113595923625045
pangu_6h,18,850–700,v,2.5888607149844343,2.684858232435316,2.624072047293226,2.7052794981672412,0.03521133230879192,0.08120745087401504,0.09599751745088181,0.020421265731925153,0.027816299020358537,0.08860248416244842,0.11641878318280696,-0.014790066576866767
pangu_6h,18,850–500,u,-2.852937770954413,-2.736584755412002,-2.7786428515308614,-2.672145669018991,0.0742949194235516,0.10649718251187057,0.11635301554241106,0.0644390863930111,0.06936700290828135,0.11142509902714082,0.18079210193542217,-0.009855833030540495
pangu_6h,18,850–500,v,1.9751517649864268,2.052007194597515,2.025931640300277,2.093057960241044,0.05077987531385042,0.06712631994076679,0.07685542961108838,0.04105076564352883,0.045915320478689625,0.07199087477592758,0.11790619525461721,-0.00972910967032159
pangu_6h,24,850–700,u,-3.074418724035371,-3.0611991516193697,-2.819335512355361,-2.8173001113321963,0.2550832116800099,0.0020354010231646846,0.013219572416001135,0.24389904028717346,0.2494911259835917,0.00762748671958291,0.2571186127031746,-0.01118417139283645
pangu_6h,24,850–700,v,1.6084185598785983,1.726710434998913,1.4330956353330295,1.5460314703590305,-0.17532292454556875,0.11293583502600102,0.1182918751203148,-0.18067896463988253,-0.17800094459272564,0.11561385507315791,-0.06238708951956773,-0.005356040094313785
pangu_6h,24,850–500,u,-3.2414378136440094,-3.160454072800567,-3.044409519272566,-2.9740956389862916,0.1970282943714432,0.07031388028627461,0.0809837408434424,0.18635843381427541,0.1916933640928593,0.0756488105648585,0.2673421746577178,-0.010669860557167787
pangu_6h,24,850–500,v,1.1835914937887775,1.2792531366575097,1.097066388492404,1.1883984483396979,-0.08652510529637358,0.09133205984729398,0.09566164286873224,-0.09085468831781185,-0.08868989680709272,0.09349685135801311,0.004806954550920395,-0.004329583021438266
pangu_6h,30,850–700,u,-2.445997675923888,-2.4894093649413054,-2.1117404589184527,-2.1432075336825602,0.3342572170054354,-0.03146707476410748,-0.04341168901741721,0.34620183125874515,0.3402295241320903,-0.03743938189076235,0.30279014224132794,0.011944614253309727
pangu_6h,30,850–700,v,0.7701897894724947,0.8589643986551871,0.5364098651967684,0.627447961090606,-0.23377992427572636,0.0910380958938376,0.08877460918269242,-0.23151643756458118,-0.23264818092015377,0.08990635253826501,-0.14274182838188876,0.0022634867111451795
pangu_6h,30,850–500,u,-2.8396774096851107,-2.8878407539088737,-2.533183890595377,-2.5666939426319564,0.30649351908973355,-0.033510052036579197,-0.048163344223763005,0.32114681127691735,0.31382016518332545,-0.0408366981301711,0.27298346705315435,0.014653292187183808
pangu_6h,30,850–500,v,0.7172836262057327,0.7658729212396147,0.546181288663175,0.5973682346986221,-0.17110233754255777,0.051186946035447156,0.048589295033881985,-0.1685046865409926,-0.16980351204177518,0.04988812053466457,-0.11991539150711061,0.002597651001565171
pangu_6h,36,850–700,u,-4.07198868292839,-4.070451007415687,-3.5318238306321437,-3.4795098627216685,0.5401648522962459,0.052313967910475156,0.0015376755127025632,0.5909411446940185,0.5655529984951322,0.02692582171158886,0.592478820206721,0.05077629239777259
pangu_6h,36,850–700,v,-0.8346977050199952,-0.7553751203963626,-1.1109799196621966,-1.0026215333618422,-0.2762822146422014,0.10835838630035433,0.07932258462363262,-0.24724641296547967,-0.2617643138038405,0.09384048546199347,-0.16792382834184705,0.029035801676721706
pangu_6h,36,850–500,u,-4.25027847757493,-4.351986404419821,-3.740880290821619,-3.7860928521028177,0.5093981867533106,-0.04521256128119866,-0.10170792684489172,0.5658935523170037,0.5376458695351571,-0.07346024406304519,0.46418562547211195,0.056495365563693056
pangu_6h,36,850–500,v,-0.4773915321656105,-0.4423013974221666,-0.7211974504495141,-0.6590373534795765,-0.24380591828390363,0.06216009696993763,0.03509013474344386,-0.21673595605740986,-0.23027093717065675,0.04862511585669074,-0.181645821313966,0.027069962226493716
pangu_6h,42,850–700,u,-3.7821441208792512,-3.7436252407816077,-3.1750425620014555,-3.0697297608678564,0.6071015588777957,0.10531280113359909,0.03851888009764348,0.6738954799137513,0.6404985193957735,0.07191584061562128,0.7124143600113948,0.0667939210359556
pangu_6h,42,850–700,v,-0.06526879694516782,-0.07883121420178896,-0.397506155580328,-0.39825223755129807,-0.33223735863516013,-0.0007460819709700917,-0.013562417256621134,-0.3194210233495091,-0.32582919099233465,-0.007154249613795613,-0.3329834406061303,0.012816335285651043
pangu_6h,42,850–500,u,-3.764378495042952,-3.8130865918762584,-3.1844594166367726,-3.1749344401041344,0.5799190784061796,0.009524976532638174,-0.048708096833306236,0.638152151772124,0.6090356150891518,-0.01959156015033403,0.5894440549388178,0.05823307336594441
pangu_6h,42,850–500,v,0.28913621152684854,0.25285591181784683,0.014998273934649808,-0.011367002066228038,-0.27413793759219873,-0.026365276000877846,-0.03628029970900171,-0.2642229138840749,-0.26918042573813683,-0.031322787854939776,-0.3005032135930766,0.00991502370812386
pangu_6h,48,850–700,u,-3.7219636729157903,-3.672309150636902,-2.8644295469502774,-2.7416649525995753,0.8575341259655129,0.12276459435070208,0.04965452227888845,0.9306441980373266,0.8940891620014197,0.08620955831479526,0.980298720316215,0.07311007207181364
pangu_6h,48,850–700,v,-1.3461378480695663,-1.3171174493450666,-1.666612660738267,-1.6267763032642883,-0.3204748126687007,0.03983635747397862,0.029020398724499685,-0.30965885391922177,-0.31506683329396123,0.034428378099239154,-0.2806384551947221,0.010815958749478938
pangu_6h,48,850–500,u,-3.7902194369794624,-3.8243463002814835,-2.940705781951862,-2.9108069149744127,0.8495136550276006,0.029898866977449146,-0.03412686330202108,0.9135393853070708,0.8815265201673357,-0.0021139981622859683,0.8794125220050497,0.06402573027947023
pangu_6h,48,850–500,v,-0.8422247596103141,-0.8165595925684626,-1.092332176938504,-1.0583251451346727,-0.25010741732818986,0.034007031803831245,0.02566516704185151,-0.24176555256621013,-0.2459364849472,0.029836099422841378,-0.21610038552435862,0.008341864761979734
pangu_6h,54,850–700,u,-3.103322888383281,-3.096195541000495,-2.1117169074732494,-1.946456681643975,0.9916059809100317,0.16526022582927435,0.007127347382786198,1.1497388593565199,1.0706724201332758,0.08619378660603028,1.156866206739306,0.15813287844648816
pangu_6h,54,850–700,v,-1.6599759669107428,-1.5711423484378635,-1.8152673736559644,-1.8217827763758143,-0.15529140674522157,-0.006515402719849961,0.0888336184728793,-0.2506404279379508,-0.2029659173415862,0.04115910787651467,-0.16180680946507153,-0.09534902119272926
pangu_6h,54,850–500,u,-3.296545317214669,-3.3315316397119887,-2.290625810354288,-2.1948669451830813,1.0059195068603808,0.09575886517120669,-0.03498632249731992,1.1366646945289074,1.071292100694644,0.030386271336943382,1.1016783720315875,0.1307451876685266
pangu_6h,54,850–500,v,-1.1643114694273426,-1.0552115900266346,-1.338157582886435,-1.2881657564342208,-0.1738461134590923,0.049991826452214116,0.10909987940070809,-0.23295416640758626,-0.20340013993333927,0.0795458529264611,-0.12385428700687817,-0.05910805294849397
pangu_6h,60,850–700,u,-3.9432619547723755,-3.90669817095491,-2.8364792311791573,-2.591197172266776,1.1067827235932182,0.2452820589123812,0.03656378381746572,1.3155009986881336,1.211141861140676,0.14092292136492346,1.3520647825055994,0.20871827509491592
pangu_6h,60,850–700,v,-2.63541899823098,-2.452981340384704,-2.7546241891871572,-2.713367637071306,-0.1192051909561771,0.04125655211585144,0.1824376578462763,-0.26038629668660196,-0.18979574382138953,0.11184710498106387,-0.07794863884032566,-0.14118110573042486
pangu_6h,60,850–500,u,-4.062636329561659,-4.025296920975418,-2.97400196314689,-2.75912744700338,1.088634366414769,0.21487451614351016,0.03733940858624152,1.2661694739720377,1.1774019201934034,0.12610696236487584,1.3035088825582792,0.17753510755726865
pangu_6h,60,850–500,v,-2.059048045837557,-1.9117189891824813,-2.2259704772051263,-2.166767927215414,-0.16692243136756924,0.059202549989712416,0.14732905665507579,-0.2550489380329326,-0.21098568470025092,0.1032658033223941,-0.10771988137785682,-0.08812650666536337
pangu_6h,66,850–700,u,-3.3103282369149314,-2.99434143971137,-2.3681862597211256,-1.7458850589378176,0.9421419771938058,0.622301200783308,0.3159867972035615,1.2484563807735523,1.095299178983679,0.46914399899343473,1.5644431779771137,0.3063144035797465
pangu_6h,66,850–700,v,-2.057574967026982,-1.9684571427878907,-1.93343859864582,-1.8927668527851358,0.12413636838116182,0.04067174586068423,0.08911782423909109,0.07569029000275496,0.09991332919195839,0.06489478504988766,0.16480811424184605,-0.04844607837840709
pangu_6h,66,850–500,u,-3.4252525626159747,-3.170135098972894,-2.440760998794504,-1.9350144236081408,0.9844915638214706,0.5057465751863632,0.25511746364308063,1.2351206753647532,1.109806119593112,0.38043201941472193,1.4902381390078339,0.2506291115432826
pangu_6h,66,850–500,v,-1.4441042781581617,-1.3909788519713275,-1.3862407019218976,-1.339097278936431,0.057863576236264036,0.04714342298546659,0.053125426186834135,0.05188157303489649,0.05487257463558026,0.05013442458615036,0.10500699922173062,-0.005982003201367547
pangu_6h,72,850–700,u,-2.9798416014649467,-2.493024001797618,-2.0849392998046765,-1.280352588684828,0.8949023016602702,0.8045867111198486,0.4868175996673285,1.2126714131127903,1.0537868573865303,0.6457021553935886,1.6994890127801188,0.3177691114525203
pangu_6h,72,850–700,v,-3.2425166147523727,-3.1989640460891793,-3.141574578343717,-2.913580971412336,0.10094203640865596,0.22799360693138082,0.04355256866319346,0.2853830746768433,0.19316255554274964,0.13577308779728714,0.3289356433400368,0.18444103826818736
pangu_6h,72,850–500,u,-3.1229458043384013,-2.7632305867065976,-2.1235143663757183,-1.4887050418527588,0.999431437962683,0.6348093245229596,0.3597152176318037,1.2745255448538388,1.1369784914082608,0.49726227107738163,1.6342407624856425,0.2750941068911561
pangu_6h,72,850–500,v,-2.5793530937514406,-2.495802627095106,-2.508329409844806,-2.251632160841774,0.07102368390663472,0.2566972490030319,0.0835504666563347,0.24417046625333194,0.15759707507998333,0.1701238578296833,0.32772093290966664,0.17314678234669723
pangu_6h,78,850–700,u,-0.9686937338895613,-0.7055076243025425,0.028248163126677772,0.6726587005292979,0.996941897016239,0.6444105374026201,0.2631861095870187,1.3781663248318403,1.1875541109240397,0.4537983234948194,1.641352434418859,0.3812244278156015
pangu_6h,78,850–700,v,-2.9665963030939198,-2.9656918860173107,-2.8841869344656885,-2.6264878033136743,0.08240936862823123,0.25769913115201426,0.0009044170766090431,0.33920408270363644,0.21080672566593384,0.12930177411431165,0.3401084997802455,0.2567947140754052
pangu_6h,78,850–500,u,-1.512066959350911,-1.2047981825794367,-0.4264916328338394,0.1920022286746285,1.0855753265170716,0.6184938615084679,0.30726877677147435,1.3968004112540653,1.2411878688855684,0.4628813191399711,1.7040691880255396,0.3112250847369935
pangu_6h,78,850–500,v,-2.6304758676941398,-2.489035005337108,-2.517015950052587,-2.167364622860493,0.11345991764155272,0.349651327192094,0.1414408623570318,0.32167038247661495,0.21756515005908383,0.2455460947745629,0.46311124483364674,0.20821046483506223
pangu_6h,84,850–700,u,0.3526027595856644,-0.08826805239231555,1.0937747742804476,1.1718508990990264,0.7411720146947831,0.07807612481857884,-0.44087081197797995,1.260118951491342,1.0006454830930624,-0.18139734357970055,0.819248139513362,0.5189469367965588
pangu_6h,84,850–700,v,-3.712445505798839,-3.6492868444560234,-3.8717017951109467,-3.824006268503879,-0.15925628931210767,0.04769552660706777,0.06315866134281567,-0.17471942404785556,-0.16698785667998162,0.05542709397494172,-0.1115607627050399,-0.015463134735747897
pangu_6h,84,850–500,u,-0.5933144755872468,-0.6071758470269546,0.284094880614589,0.6941330534059773,0.8774093562018358,0.4100381727913883,-0.013861371439707781,1.301308900432932,1.0893591283173838,0.19808840067584027,1.2874475289932241,0.4238995442310962
pangu_6h,84,850–500,v,-3.5832590230782695,-3.3196341761760007,-3.671720675413668,-3.3969606430070183,-0.08846165233539871,0.2747600324066499,0.26362484690226884,-0.07732646683101763,-0.08289405958320817,0.2691924396544594,0.1862983800712512,0.011135185504381084
pangu_6h,90,850–700,u,2.4928338559330903,1.6761193537771066,3.024854062569168,2.644366608124843,0.5320202066360777,-0.38048745444432486,-0.8167145021559836,0.9682472543477365,0.7501337304919071,-0.5986009783001542,0.15153275219175288,0.43622704771165877
pangu_6h,90,850–700,v,-3.231620554871725,-2.8735219789190474,-3.1237529264430037,-3.146179370592466,0.10786762842872122,-0.022426444149462377,0.3580985759526776,-0.27265739167341874,-0.08239488162234876,0.1678360659016076,0.08544118427925884,-0.38052502010213995
pangu_6h,90,850–500,u,1.189259722921416,1.0102536823641863,1.945662570824006,2.105073893808532,0.7564028479025902,0.15941132298452598,-0.17900604055722957,1.0948202114443457,0.9256115296734679,-0.009797358786351795,0.9158141708871161,0.33841736354175556
pangu_6h,90,850–500,v,-3.1535934031737147,-2.6833906170584236,-2.919242440029501,-2.7869269641266934,0.23435096314421378,0.13231547590280757,0.4702027861152911,-0.10353634706826975,0.06540730803797201,0.30125913100904933,0.36666643904702134,-0.3378873102124835
pangu_6h,96,850–700,u,3.5608461236753275,3.3069727410791536,3.971975110694578,4.216386101554265,0.4111289870192505,0.24441099085968743,-0.25387338259617387,0.9094133604751118,0.6602711737471811,-0.004731195868243221,0.6555399778789379,0.4982843734558613
pangu_6h,96,850–700,v,-3.77104655933434,-2.874711222838161,-3.7980039547156186,-3.2653490900811386,-0.026957395381278726,0.53265486463448,0.896335336496179,-0.3906378672429778,-0.20879763131212825,0.7144951005653295,0.5056974692532012,-0.36368047186169905
pangu_6h,96,850–500,u,2.2934347561049764,2.672704875334817,3.086842200822919,3.834137865326664,0.7934074447179427,0.7472956645037447,0.37927011922984066,1.1614329899918467,0.9774202173548947,0.5632828918667927,1.5407031092216874,0.3680255452739041
pangu_6h,96,850–500,v,-3.4334702495423453,-2.4855745646604097,-3.3358595093205476,-2.714549371176372,0.09761074022179761,0.6213101381441755,0.9478956848819355,-0.22897480651596247,-0.06568203314708243,0.7846029115130555,0.7189208783659731,-0.3265855467377601
pangu_6h,102,850–700,u,4.351672264180891,4.845179647610922,5.320772289411584,6.254480932419831,0.9691000252306932,0.9337086430082469,0.493507383430031,1.409301284808909,1.189200655019801,0.7136080132191389,1.90280866823894,0.4402012595782159
pangu_6h,102,850–700,v,-2.9101009199258003,-1.3123696676795806,-3.141153980679849,-1.8324885804597149,-0.23105306075404863,1.3086654002201341,1.5977312522462197,-0.5201189127801342,-0.37558598676709143,1.453198326233177,1.0776123394660855,-0.2890658520260856
pangu_6h,102,850–500,u,3.3006014968576594,4.278135431995242,4.528101433655259,5.884741251274969,1.2274999367975994,1.35663981761971,0.9775339351375827,1.6066058192797268,1.417052878038663,1.1670868763786464,2.5841397544173095,0.3791058824821274
pangu_6h,102,850–500,v,-2.7641716947582284,-1.0110280333035362,-2.9222380164876824,-1.5813201741243899,-0.158066321729454,1.3409178423632926,1.7531436614546922,-0.5702921408208537,-0.36417923127515384,1.5470307519089923,1.1828515206338386,-0.4122258190913999
pangu_6h,108,850–700,u,4.053334644040278,4.941163291725269,5.440197356926641,6.688100134438443,1.3868627128863622,1.2479027775118023,0.8878286476849908,1.7469368427131737,1.566899777799768,1.0678657125983966,2.6347654903981645,0.36007412982681153
pangu_6h,108,850–700,v,-2.757663924505561,-0.7001604943894486,-3.9500787314986603,-1.4138283286064364,-1.1924148069930993,2.536250402892224,2.057503430116112,-0.7136678342169878,-0.9530413206050435,2.296876916504168,1.3438355958991246,0.47874697277611133
pangu_6h,108,850–500,u,3.154451860906168,4.517119214374728,4.689415409464543,6.354109522096919,1.5349635485583746,1.6646941126323762,1.3626673534685598,1.836990307722191,1.6859769281402828,1.513680733050468,3.199657661190751,0.3020267591638164
pangu_6h,108,850–500,v,-2.681838693846072,-0.29886725834968203,-3.7915009727534863,-1.122453603761807,-1.1096622789074142,2.6690473689916794,2.38297143549639,-0.8235863454121248,-0.9666243121597695,2.5260094022440347,1.5593850900842652,0.28607593349528937
pangu_6h,114,850–700,u,4.159555654661625,5.548564727595925,6.048938136529214,6.718390458411829,1.8893824818675897,0.6694523218826145,1.3890090729343,1.1698257308159041,1.529604106341747,1.0292306974084573,2.5588348037502042,-0.7195567510516856
pangu_6h,114,850–700,v,-2.1063633483553663,0.5036733314362676,-4.327295291519551,0.6083362238776049,-2.2209319431641847,4.935631515397156,2.6100366797916337,0.10466289244133731,-1.0581345253614236,3.772834097594395,2.714699572232971,2.325594835605522
pangu_6h,114,850–500,u,3.3786763981244716,5.217045538264866,5.312050492498171,6.657231695807681,1.9333740943736997,1.3451812033095099,1.8383691401403945,1.440186157542815,1.6867801259582573,1.5917751717249522,3.2785552976832095,-0.4931879368308847
pangu_6h,114,850–500,v,-1.645290869366306,1.107676853437403,-3.7476406936416735,1.1090495593786331,-2.1023498242753673,4.856690253020306,2.7529677228037093,0.001372705941230068,-1.0504885591670687,3.804828987912008,2.754340428744939,2.103722530216597
pangu_6h,120,850–700,u,3.8637368351924457,5.776962721674398,5.947660543961804,5.957986289505618,2.0839237087693587,0.01032574554381327,1.913225886481952,0.18102356783121998,1.1324736383002894,0.9617758160128826,2.094249454313172,-1.9029001409381388
pangu_6h,120,850–700,v,-2.023218325792312,0.2549098800699899,-5.410041737200424,2.310154431387521,-3.3868234114081117,7.720196168587945,2.278128205862302,2.0552445513175313,-0.6657894300452902,4.9991621872251235,4.333372757179833,5.442067962725643
pangu_6h,120,850–500,u,3.4431306974998206,5.791452498008167,5.641227298573358,6.12715470849479,2.198096601073537,0.48592740992143213,2.348321800508346,0.3357022104866232,1.2668994057800802,1.4171246052148891,2.6840240109949693,-1.862394390586914
pangu_6h,120,850–500,v,-1.3551326734740499,0.9101637078370393,-4.580744771178074,2.7585398422968095,-3.2256120977040244,7.339284613474884,2.265296381311089,1.8483761344597702,-0.6886179816221271,4.8022904973929865,4.113672515770859,5.073988232163795
pangu_6h,126,850–700,u,4.222131661594684,5.5376612022465785,6.925709573655948,4.740068450265138,2.703577912061264,-2.18564112339081,1.3155295406518945,-0.7975927519814405,0.9529925800399117,-0.4350557913694577,0.517936788670454,-3.5011706640427045
pangu_6h,126,850–700,v,-1.1750095676270977,-0.16867249483549754,-5.116142068705857,3.517104163844488,-3.9411325010787595,8.633246232550345,1.0063370727916001,3.6857766586799854,-0.12767792119938703,4.819791652670973,4.6921137314715855,7.626909159758745
pangu_6h,126,850–500,u,3.874722729354636,5.912870250687618,6.501849361388793,4.664883853303655,2.6271266320341566,-1.8369655080851377,2.038147521332982,-1.247986397383963,0.6895701173250968,0.10059100662392217,0.7901611239490189,-3.8751130294181197
pangu_6h,126,850–500,v,-0.6483946005620043,0.253442967671259,-4.693416033545141,3.8697368384001853,-4.045021432983137,8.563152871945327,0.9018375682332633,3.6162938707289265,-0.21436378112710508,4.732495220089295,4.51813143896219,7.6613153037120645
pangu_6h,132,850–700,u,3.7059641539171206,3.8674545710296586,6.7073302668606285,2.898528175092589,3.001366112943508,-3.8088020917680394,0.16149041711253798,-0.9689263959370695,1.0162198585032192,-1.8236558373277507,-0.8074359788245316,-3.9702925088805774
pangu_6h,132,850–700,v,-1.251447215257471,-2.0911274059882077,-5.696518621041518,2.4667705239572633,-4.445071405784047,8.163289144998782,-0.8396801907307367,4.5578979299454705,0.056413262080711846,3.6618044771340226,3.718217739214734,9.002969335729517
pangu_6h,132,850–500,u,3.5023712948642602,4.6525010850970405,6.17509543811963,2.8706120876964727,2.67272414325537,-3.3044833504231574,1.1501297902327803,-1.7818889974005678,0.44541757292740103,-1.0771767800951886,-0.6317592071677876,-4.454613140655938
pangu_6h,132,850–500,v,-0.708542121075197,-1.55171230285143,-5.41349014478069,3.260792159620923,-4.704948023705493,8.674282304401613,-0.8431701817762329,4.8125044624723525,0.05377821938342997,3.91555606131269,3.96933428069612,9.517452486177845
pangu_6h,138,850–700,u,3.6087622745352155,2.7867877556009137,6.900862629127637,1.5464483266097384,3.2921003545924217,-5.354414302517899,-0.8219745189343017,-1.2403394289911753,1.025880462800623,-3.0881944107261003,-2.0623139479254773,-4.532439783583597
pangu_6h,138,850–700,v,-0.5514927570767424,-1.7434501845803365,-5.5171369773813,3.02685151335797,-4.965644220304558,8.54398849073927,-1.1919574275035942,4.770301697938306,-0.09767126118312586,3.6760155316178382,3.5783442704347124,9.735945918242864
pangu_6h,138,850–500,u,3.696848861545859,3.8645003201943107,6.482196164151988,2.082464495164399,2.7853473026061293,-4.399731668987589,0.16765145864845188,-1.7820358250299115,0.5016557387881089,-2.1160401051695685,-1.6143843663814597,-4.567383127636041
pangu_6h,138,850–500,v,0.24571912498880183,-1.1912229763306357,-4.889307512867155,4.085025483526671,-5.135026637855956,8.974332996393827,-1.4369421013194374,5.276248459857307,0.07061091100067518,3.7686954475371945,3.8393063585378693,10.411275097713265
pangu_6h,144,850–700,u,3.2845704350513087,2.113007452370467,6.383939678641822,1.08398564259435,3.099369243590513,-5.299954036047472,-1.1715629826808418,-1.029021809776117,1.035173716907198,-3.2357585093641568,-2.200584792456959,-4.128391053366631
pangu_6h,144,850–700,v,-0.26032071511487576,-2.1230351965329026,-5.4711491584475604,2.223829077170718,-5.210828443332685,7.6949782356182785,-1.8627144814180268,4.346864273703621,-0.43198208481453193,2.916131877100126,2.484149792285594,9.557692717036305
pangu_6h,144,850–500,u,3.6830825525330746,3.5580326849195263,6.426190546762971,1.7625400057214877,2.7431079942298964,-4.663650541041483,-0.1250498676135483,-1.7954926791980386,0.4738076575159289,-2.394350204327516,-1.9205425468115869,-4.5386006734279345
pangu_6h,144,850–500,v,0.3815247564552713,-1.4894710572403245,-4.851820375446238,3.391826571621512,-5.233345131901509,8.243646947067749,-1.8709958136955958,4.881297628861836,-0.1760237515198364,3.1863255666860764,3.0103018151662404,10.114642760763344
pangu_6h,150,850–700,u,3.3923738185855936,1.717042602980372,6.424976424732396,0.9961056953809921,3.0326026061468023,-5.428870729351404,-1.6753312156052216,-0.7209369075993799,1.155832849273711,-3.552100972478313,-2.3962681232046013,-3.753539513746183
pangu_6h,150,850–700,v,0.5073530935941908,-0.9738673896003849,-3.987219093509463,1.7838225655572528,-4.494572187103653,5.771041659066716,-1.4812204831945757,2.7576899551576375,-0.8684411159730079,2.1449105879360704,1.276469471963062,7.2522621422612925
pangu_6h,150,850–500,u,3.759786237472018,3.0167882433281856,6.424655070009045,1.4725514105663482,2.664868832537027,-4.952103659442697,-0.7429979941438325,-1.5442368327618374,0.5603159998875948,-2.847550826793265,-2.28723482690567,-4.209105665298865
pangu_6h,150,850–500,v,0.7400120546871742,-0.7484802006304893,-3.9230209529142996,2.9068635647033307,-4.663033007601474,6.82988451761763,-1.4884922553176634,3.65534376533382,-0.5038446211338268,2.6706961311499837,2.1668515100161567,8.318376772935293
pangu_6h,156,850–700,u,3.040918567630423,0.758806052544106,5.867158654276226,-0.4220724289935247,2.826240086645803,-6.289231083269751,-2.2821125150863173,-1.1808784815376308,0.822680802554086,-4.285671799178035,-3.462990996623948,-4.007118568183434
pangu_6h,156,850–700,v,0.41346229363156906,-1.4906354401233028,-3.7366632105889184,0.7359286526227666,-4.150125504220488,4.472591863211685,-1.904097733754872,2.2265640927460693,-0.9617807057372092,1.2842470647284063,0.3224663589911976,6.376689596966556
pangu_6h,156,850–500,u,3.2775903872582175,2.0738885494642094,5.863736617271665,0.2476735533845949,2.5861462300134477,-5.61606306388707,-1.203701837794008,-1.8262149960796146,0.37996561696691655,-3.409882450840539,-3.0299168338736227,-4.412361226093062
pangu_6h,156,850–500,v,0.5156749713676828,-1.154671403244523,-3.818173229042107,2.1408318326912434,-4.33384820040979,5.95900506173335,-1.670346374612206,3.2955032359357666,-0.5191724822370116,2.144329343560572,1.6251568613235605,7.629351436345556
pangu_6h,162,850–700,u,2.828835560108062,-0.3168658080576937,5.644283570540023,-1.1590547957485156,2.815448010431961,-6.803338366288538,-3.1457013681657555,-0.8421889876908218,0.9866295113705696,-4.974519867227147,-3.9878903558565773,-3.6576369981227828
pangu_6h,162,850–700,v,0.8182078562183197,-0.28737596556768225,-3.035249361716658,1.4835851326893599,-3.8534572179349773,4.5188344944060175,-1.105583821786002,1.770961098257042,-1.0412480598389675,1.7066253363100077,0.6653772764710402,5.62441831619202
pangu_6h,162,850–500,u,3.063247994377027,1.3202435959098033,5.5964600542182,-0.3769809745621805,2.533212059841173,-5.973441028780381,-1.7430043984672237,-1.6972245704719837,0.4179937446845947,-3.8582227136238023,-3.4402289689392074,-4.230436630313157
pangu_6h,162,850–500,v,1.1218219267325622,0.21202419421464053,-2.8424740414000316,2.80239068785888,-3.9642959681325936,5.644864729258911,-0.9097977325179216,2.5903664936442397,-0.686964737244177,2.367533498370495,1.6805687611263178,6.554662461776833
pangu_6h,168,850–700,u,2.5928081590777987,-1.0993794868104954,4.904393587559328,-1.4998495421958897,2.3115854284815294,-6.404243129755217,-3.692187645888294,-0.4004700553853944,0.9555576865480675,-5.048215387821756,-4.092657701273689,-2.7120554838669237
pangu_6h,168,850–700,v,0.9306554357847825,-1.218925836452422,-2.598066450685816,0.8238716686201634,-3.5287218864705983,3.4219381193059792,-2.1495812722372047,2.0427975050725853,-0.7429621906990065,0.6361784235343872,-0.10678376716461913,5.571519391543184
pangu_6h,168,850–500,u,2.883288874084661,0.7267197054015822,5.096870923683818,-0.8114785839764194,2.2135820495991574,-5.908349507660238,-2.156569168683079,-1.5381982893780015,0.33769188011057794,-4.032459338171658,-3.6947674580610803,-3.7517803389771593
pangu_6h,168,850–500,v,1.1742342132502745,-0.6468426290326468,-2.2550281987812832,2.1972947643914904,-3.429262412031558,4.452322963172774,-1.8210768422829213,2.844137393424137,-0.2925625093037103,1.3156230604449264,1.0230605511412159,6.273399805455695
