model,experiment,lead_hours,forecast_lat,forecast_lon,reference_lat,reference_lon,error_km
tianxing,control,6,28.75,124.0,28.4,124.2,43.54372114790988
tianxing,control,12,28.25,123.25,28.2,123.5,25.116490602088316
tianxing,control,18,28.0,122.25,28.2,122.6,40.90450658120308
tianxing,control,24,27.75,121.0,28.1,121.0,38.918278081736574
tianxing,control,30,27.75,119.75,27.9,119.3,47.291208677596885
tianxing,control,36,27.5,118.25,27.7,117.8,49.60774808174275
tianxing,control,42,27.25,116.75,27.2,116.7,7.439911694849067
tianxing,control,48,27.0,115.75,26.7,115.9,36.52721553989365
tianxing,control,54,27.0,114.5,26.0,115.2,131.21143464219702
tianxing,control,60,26.5,113.5,25.8,114.1,98.20912493383109
tianxing,control,66,26.0,112.25,25.4,112.6,75.37197785525436
tianxing,control,72,25.0,111.0,24.3,111.9,119.71346615797908
tianxing,control,78,24.0,109.75,23.5,111.0,138.83957243015297
tianxing,control,84,22.75,109.25,22.3,110.5,137.79563932063357
tianxing,control,90,21.75,108.25,21.2,110.2,210.83970082854086
tianxing,control,96,20.75,107.75,20.1,110.2,265.32999211965745
tianxing,control,102,20.0,107.5,19.4,110.5,321.06302311981915
tianxing,control,108,19.5,107.5,19.0,111.0,371.5981060854265
tianxing,control,114,19.0,107.5,18.8,112.0,473.9091599852943
tianxing,control,120,18.75,107.5,19.2,113.5,632.8653242950891
tianxing,control,126,18.75,107.75,20.0,114.4,711.2223879461753
tianxing,control,132,18.75,108.25,20.9,115.5,795.0598776846779
tianxing,control,138,18.75,108.5,21.4,116.3,866.1169718479551
tianxing,control,144,18.5,108.75,22.0,116.9,934.8182662935716
tianxing,control,150,18.5,109.25,22.2,117.2,925.0679121551194
tianxing,control,156,18.5,110.25,22.9,118.2,960.5076209397876
tianxing,control,162,18.5,110.75,23.3,118.4,956.9379859095355
tianxing,control,168,18.5,111.25,23.8,117.4,868.1086974348892
pangu_6h,control,6,28.75,124.25,28.4,124.2,39.223351835343145
pangu_6h,control,12,28.5,123.5,28.2,123.5,33.35852407006027
pangu_6h,control,18,28.25,122.5,28.2,122.6,11.26495676698087
pangu_6h,control,24,28.0,121.5,28.1,121.0,50.31104611441186
pangu_6h,control,30,28.0,120.0,27.9,119.3,69.65067839741057
pangu_6h,control,36,27.5,118.5,27.7,117.8,72.47523412920384
pangu_6h,control,42,27.25,117.0,27.2,116.7,30.179490129449412
pangu_6h,control,48,27.0,116.25,26.7,115.9,48.15021118619616
pangu_6h,control,54,26.75,115.0,26.0,115.2,85.74323777165043
pangu_6h,control,60,26.25,113.75,25.8,114.1,61.04763833176116
pangu_6h,control,66,25.75,112.25,25.4,112.6,52.41176825594755
pangu_6h,control,72,25.0,111.0,24.3,111.9,119.71346615797908
pangu_6h,control,78,23.75,109.75,23.5,111.0,130.34280722812497
pangu_6h,control,84,22.5,108.75,22.3,110.5,181.27685587103895
pangu_6h,control,90,21.0,108.0,21.2,110.2,229.30662947749303
pangu_6h,control,96,19.75,107.5,20.1,110.2,284.92184889458554
pangu_6h,control,102,19.0,107.5,19.4,110.5,318.149658980308
pangu_6h,control,108,18.5,107.5,19.0,111.0,372.6917122178928
pangu_6h,control,114,18.25,107.75,18.8,112.0,452.2341293879352
pangu_6h,control,120,18.25,108.0,19.2,113.5,588.7253408048861
pangu_6h,control,126,18.25,108.0,20.0,114.4,699.8918725458889
pangu_6h,control,132,18.25,108.0,20.9,115.5,839.0478823958782
pangu_6h,control,138,18.25,108.0,21.4,116.3,935.9892863758334
pangu_6h,control,144,18.0,108.0,22.0,116.9,1030.5089406745444
pangu_6h,control,150,18.0,108.0,22.2,117.2,1067.808489033611
pangu_6h,control,156,17.75,108.0,22.9,118.2,1207.3449606462405
pangu_6h,control,162,17.75,108.0,23.3,118.4,1245.824801958283
pangu_6h,control,168,17.5,108.25,23.8,117.4,1181.367265335202
tianxing,optimal,6,28.5,124.25,28.4,124.2,12.146568287824332
tianxing,optimal,12,28.25,123.5,28.2,123.5,5.559754011677007
tianxing,optimal,18,28.25,122.5,28.2,122.6,11.26495676698087
tianxing,optimal,24,28.0,121.5,28.1,121.0,50.31104611441186
tianxing,optimal,30,27.75,120.25,27.9,119.3,94.89847551211571
tianxing,optimal,36,27.5,118.75,27.7,117.8,96.21939106316243
tianxing,optimal,42,27.25,117.25,27.2,116.7,54.66551138612771
tianxing,optimal,48,27.0,116.25,26.7,115.9,48.15021118619616
tianxing,optimal,54,26.75,115.5,26.0,115.2,88.58950525174004
tianxing,optimal,60,26.25,114.5,25.8,114.1,64.04070619015678
tianxing,optimal,66,26.0,113.5,25.4,112.6,112.17255349395624
tianxing,optimal,72,25.25,112.75,24.3,111.9,136.09928131277303
tianxing,optimal,78,24.25,111.75,23.5,111.0,113.0062312738316
tianxing,optimal,84,22.75,110.75,22.3,110.5,56.241782067557864
tianxing,optimal,90,21.75,110.25,21.2,110.2,61.37574714793352
tianxing,optimal,96,21.0,109.75,20.1,110.2,110.50033077725163
tianxing,optimal,102,19.75,110.0,19.4,110.5,65.2589003573152
tianxing,optimal,108,19.0,110.75,19.0,111.0,26.28425125895719
tianxing,optimal,114,19.25,112.0,18.8,112.0,50.03778610508988
tianxing,optimal,120,19.75,113.25,19.2,113.5,66.53633077392
tianxing,optimal,126,20.75,114.5,20.0,114.4,84.04521438320997
tianxing,optimal,132,21.25,115.25,20.9,115.5,46.770479821438585
tianxing,optimal,138,21.75,115.75,21.4,116.3,68.91362530872657
tianxing,optimal,144,22.0,116.25,22.0,116.9,67.013833584682
tianxing,optimal,150,22.5,116.75,22.2,117.2,57.04835622304004
tianxing,optimal,156,22.75,117.0,22.9,118.2,124.11088070551465
tianxing,optimal,162,22.75,116.75,23.3,118.4,179.58770198924813
tianxing,optimal,168,22.75,117.0,23.8,117.4,123.69730473974094
pangu_6h,optimal,6,28.5,124.25,28.4,124.2,12.146568287824332
pangu_6h,optimal,12,28.5,123.75,28.2,123.5,41.36796811594495
pangu_6h,optimal,18,28.5,122.75,28.2,122.6,36.44526765320274
pangu_6h,optimal,24,28.25,121.75,28.1,121.0,75.38287461343306
pangu_6h,optimal,30,28.0,120.25,27.9,119.3,93.9736241971073
pangu_6h,optimal,36,27.25,119.0,27.7,117.8,128.523918105381
pangu_6h,optimal,42,27.0,117.5,27.2,116.7,82.25308555732255
pangu_6h,optimal,48,26.75,116.75,26.7,115.9,84.60191021884162
pangu_6h,optimal,54,26.5,116.0,26.0,115.2,97.24302979570159
pangu_6h,optimal,60,26.0,115.0,25.8,114.1,92.72974311823214
pangu_6h,optimal,66,25.25,113.75,25.4,112.6,116.78193185032966
pangu_6h,optimal,72,24.5,112.75,24.3,111.9,88.90035941361903
pangu_6h,optimal,78,23.5,111.75,23.5,111.0,76.47933959340024
pangu_6h,optimal,84,22.5,111.25,22.3,110.5,80.2467272459843
pangu_6h,optimal,90,21.25,110.5,21.2,110.2,31.58879174842333
pangu_6h,optimal,96,19.75,110.25,20.1,110.2,39.26771190946036
pangu_6h,optimal,102,18.75,110.75,19.4,110.5,76.90360274880882
pangu_6h,optimal,108,18.5,112.0,19.0,111.0,119.0704967092844
pangu_6h,optimal,114,18.75,113.25,18.8,112.0,131.71507384372578
pangu_6h,optimal,120,19.25,114.5,19.2,113.5,105.14099138078491
pangu_6h,optimal,126,20.75,115.75,20.0,114.4,163.5754757768898
pangu_6h,optimal,132,21.75,116.0,20.9,115.5,107.77506990664963
pangu_6h,optimal,138,22.5,115.75,21.4,116.3,134.82701240685313
pangu_6h,optimal,144,22.75,115.5,22.0,116.9,166.36335480057897
pangu_6h,optimal,150,23.0,115.0,22.2,117.2,242.72737534455632
pangu_6h,optimal,156,23.5,115.25,22.9,118.2,308.7861695301845
pangu_6h,optimal,162,24.0,114.75,23.3,118.4,379.82217081590545
pangu_6h,optimal,168,24.75,114.5,23.8,117.4,312.3485019148449
tianxing,era5t_start,6,28.75,124.0,28.4,124.2,43.54372114790988
tianxing,era5t_start,12,28.25,123.25,28.2,123.5,25.116490602088316
tianxing,era5t_start,18,28.0,122.5,28.2,122.6,24.30610076443139
tianxing,era5t_start,24,27.75,121.25,28.1,121.0,46.020827768636586
tianxing,era5t_start,30,27.5,120.0,27.9,119.3,82.02232076375245
tianxing,era5t_start,36,27.25,118.25,27.7,117.8,66.89244203262032
tianxing,era5t_start,42,27.25,116.75,27.2,116.7,7.439911694849067
tianxing,era5t_start,48,27.0,115.75,26.7,115.9,36.52721553989365
tianxing,era5t_start,54,27.0,114.5,26.0,115.2,131.21143464219702
tianxing,era5t_start,60,26.5,113.5,25.8,114.1,98.20912493383109
tianxing,era5t_start,66,26.0,112.25,25.4,112.6,75.37197785525436
tianxing,era5t_start,72,25.0,110.75,24.3,111.9,139.87711370362888
tianxing,era5t_start,78,23.75,109.75,23.5,111.0,130.34280722812497
tianxing,era5t_start,84,22.5,109.0,22.3,110.5,155.80205228447207
tianxing,era5t_start,90,21.75,108.25,21.2,110.2,210.83970082854086
tianxing,era5t_start,96,20.75,107.5,20.1,110.2,290.4816046227353
tianxing,era5t_start,102,20.0,107.5,19.4,110.5,321.06302311981915
tianxing,era5t_start,108,19.5,107.25,19.0,111.0,397.56507475053434
tianxing,era5t_start,114,19.25,107.25,18.8,112.0,501.8097747050534
tianxing,era5t_start,120,19.0,107.5,19.2,113.5,630.8028531217388
tianxing,era5t_start,126,19.0,107.75,20.0,114.4,705.7921005028189
tianxing,era5t_start,132,18.75,108.0,20.9,115.5,820.0305235516848
tianxing,era5t_start,138,18.75,108.0,21.4,116.3,915.3734038021923
tianxing,era5t_start,144,18.75,108.25,22.0,116.9,971.1290598969582
tianxing,era5t_start,150,18.5,108.5,22.2,117.2,995.6674534438876
tianxing,era5t_start,156,18.5,109.0,22.9,118.2,1074.3582328061598
tianxing,era5t_start,162,18.25,109.25,23.3,118.4,1104.1635001037719
tianxing,era5t_start,168,18.25,109.75,23.8,117.4,1005.2223127626966
pangu_6h,era5t_start,6,28.75,124.25,28.4,124.2,39.223351835343145
pangu_6h,era5t_start,12,28.5,123.5,28.2,123.5,33.35852407006027
pangu_6h,era5t_start,18,28.25,122.5,28.2,122.6,11.26495676698087
pangu_6h,era5t_start,24,28.25,121.5,28.1,121.0,51.77015257878639
pangu_6h,era5t_start,30,28.0,120.25,27.9,119.3,93.9736241971073
pangu_6h,era5t_start,36,27.5,118.75,27.7,117.8,96.21939106316243
pangu_6h,era5t_start,42,27.25,117.25,27.2,116.7,54.66551138612771
pangu_6h,era5t_start,48,27.25,116.25,26.7,115.9,70.3078047124538
pangu_6h,era5t_start,54,27.0,115.0,26.0,115.2,112.96210042911409
pangu_6h,era5t_start,60,26.5,113.75,25.8,114.1,85.31669290725063
pangu_6h,era5t_start,66,26.25,112.25,25.4,112.6,100.79883027797514
pangu_6h,era5t_start,72,25.25,111.0,24.3,111.9,139.33724679119678
pangu_6h,era5t_start,78,24.0,109.5,23.5,111.0,162.47433848340688
pangu_6h,era5t_start,84,22.5,108.25,22.3,110.5,232.37546504929986
pangu_6h,era5t_start,90,21.0,107.25,21.2,110.2,306.8349201647628
pangu_6h,era5t_start,96,20.0,107.0,20.1,110.2,334.4388347243393
pangu_6h,era5t_start,102,19.25,106.75,19.4,110.5,393.8329155643264
pangu_6h,era5t_start,108,18.75,106.75,19.0,111.0,448.0189588788519
pangu_6h,era5t_start,114,18.25,107.0,18.8,112.0,530.6837329793104
pangu_6h,era5t_start,120,18.25,107.5,19.2,113.5,640.5876883182784
pangu_6h,era5t_start,126,18.25,107.75,20.0,114.4,725.1517859342414
pangu_6h,era5t_start,132,18.0,108.0,20.9,115.5,849.7551051896315
pangu_6h,era5t_start,138,17.75,108.25,21.4,116.3,935.7136353108634
pangu_6h,era5t_start,144,17.75,108.75,22.0,116.9,974.2044659322751
pangu_6h,era5t_start,150,17.75,109.0,22.2,117.2,989.2125545779111
pangu_6h,era5t_start,156,17.5,109.5,22.9,118.2,1088.0123015099482
pangu_6h,era5t_start,162,17.5,109.75,23.3,118.4,1107.9220973066963
pangu_6h,era5t_start,168,17.5,110.25,23.8,117.4,1021.4398301247336
tianxing,eastasia_hard_keep,6,28.5,124.25,28.4,124.2,12.146568287824332
tianxing,eastasia_hard_keep,12,28.25,123.5,28.2,123.5,5.559754011677007
tianxing,eastasia_hard_keep,18,28.25,122.5,28.2,122.6,11.26495676698087
tianxing,eastasia_hard_keep,24,28.0,121.5,28.1,121.0,50.31104611441186
tianxing,eastasia_hard_keep,30,27.75,120.25,27.9,119.3,94.89847551211571
tianxing,eastasia_hard_keep,36,27.5,118.75,27.7,117.8,96.21939106316243
tianxing,eastasia_hard_keep,42,27.25,117.25,27.2,116.7,54.66551138612771
tianxing,eastasia_hard_keep,48,27.0,116.25,26.7,115.9,48.15021118619616
tianxing,eastasia_hard_keep,54,26.75,115.25,26.0,115.2,83.54492472638267
tianxing,eastasia_hard_keep,60,26.25,114.5,25.8,114.1,64.04070619015678
tianxing,eastasia_hard_keep,66,26.0,113.5,25.4,112.6,112.17255349395624
tianxing,eastasia_hard_keep,72,25.25,112.5,24.3,111.9,121.77102846362236
tianxing,eastasia_hard_keep,78,24.0,111.25,23.5,111.0,61.14330774634676
tianxing,eastasia_hard_keep,84,22.75,110.5,22.3,110.5,50.03778610508988
tianxing,eastasia_hard_keep,90,21.75,109.75,21.2,110.2,76.86610365382269
tianxing,eastasia_hard_keep,96,20.75,109.25,20.1,110.2,122.57069201014004
tianxing,eastasia_hard_keep,102,19.75,109.0,19.4,110.5,161.8990950363752
tianxing,eastasia_hard_keep,108,19.0,109.75,19.0,111.0,131.42099107667747
tianxing,eastasia_hard_keep,114,19.0,110.25,18.8,112.0,185.43754993571406
tianxing,eastasia_hard_keep,120,18.75,110.5,19.2,113.5,319.39737704620796
tianxing,eastasia_hard_keep,126,19.75,112.5,20.0,114.4,200.62065968006596
tianxing,eastasia_hard_keep,132,20.5,113.5,20.9,115.5,212.73328910572468
tianxing,eastasia_hard_keep,138,21.25,114.25,21.4,116.3,212.9952645738204
tianxing,eastasia_hard_keep,144,21.5,115.0,22.0,116.9,203.95227948626925
tianxing,eastasia_hard_keep,150,22.0,115.5,22.2,117.2,176.54845618306862
tianxing,eastasia_hard_keep,156,22.25,116.0,22.9,118.2,237.16298941321043
tianxing,eastasia_hard_keep,162,22.5,116.5,23.3,118.4,213.98233109964087
tianxing,eastasia_hard_keep,168,22.5,116.5,23.8,117.4,171.3544583165191
pangu_6h,eastasia_hard_keep,6,28.5,124.25,28.4,124.2,12.146568287824332
pangu_6h,eastasia_hard_keep,12,28.5,123.75,28.2,123.5,41.36796811594495
pangu_6h,eastasia_hard_keep,18,28.5,122.75,28.2,122.6,36.44526765320274
pangu_6h,eastasia_hard_keep,24,28.25,121.75,28.1,121.0,75.38287461343306
pangu_6h,eastasia_hard_keep,30,28.0,120.25,27.9,119.3,93.9736241971073
pangu_6h,eastasia_hard_keep,36,27.25,119.0,27.7,117.8,128.523918105381
pangu_6h,eastasia_hard_keep,42,27.0,117.5,27.2,116.7,82.25308555732255
pangu_6h,eastasia_hard_keep,48,26.75,116.75,26.7,115.9,84.60191021884162
pangu_6h,eastasia_hard_keep,54,26.5,116.0,26.0,115.2,97.24302979570159
pangu_6h,eastasia_hard_keep,60,26.0,115.0,25.8,114.1,92.72974311823214
pangu_6h,eastasia_hard_keep,66,25.25,113.75,25.4,112.6,116.78193185032966
pangu_6h,eastasia_hard_keep,72,24.5,112.75,24.3,111.9,88.90035941361903
pangu_6h,eastasia_hard_keep,78,23.5,111.75,23.5,111.0,76.47933959340024
pangu_6h,eastasia_hard_keep,84,22.5,111.0,22.3,110.5,56.006989149502495
pangu_6h,eastasia_hard_keep,90,21.0,110.25,21.2,110.2,22.83590774699285
pangu_6h,eastasia_hard_keep,96,19.75,110.0,20.1,110.2,44.17879125361763
pangu_6h,eastasia_hard_keep,102,18.75,110.5,19.4,110.5,72.27680215179613
pangu_6h,eastasia_hard_keep,108,18.5,111.75,19.0,111.0,96.57826115843322
pangu_6h,eastasia_hard_keep,114,18.5,112.75,18.8,112.0,85.76987887592965
pangu_6h,eastasia_hard_keep,120,19.25,114.0,19.2,113.5,52.790584906418744
pangu_6h,eastasia_hard_keep,126,20.5,115.0,20.0,114.4,83.71962399850696
pangu_6h,eastasia_hard_keep,132,21.5,115.25,20.9,115.5,71.57422675955343
pangu_6h,eastasia_hard_keep,138,22.25,115.0,21.4,116.3,164.13494693222012
pangu_6h,eastasia_hard_keep,144,22.5,114.5,22.0,116.9,253.17366084750196
pangu_6h,eastasia_hard_keep,150,22.75,114.25,22.2,117.2,309.21242430807695
pangu_6h,eastasia_hard_keep,156,23.0,114.25,22.9,118.2,404.59484006505755
pangu_6h,eastasia_hard_keep,162,23.5,114.0,23.3,118.4,449.5517607003507
pangu_6h,eastasia_hard_keep,168,24.25,113.75,23.8,117.4,374.0513944856896
tianxing,eastasia_hard_remove,6,28.75,124.0,28.4,124.2,43.54372114790988
tianxing,eastasia_hard_remove,12,28.25,123.25,28.2,123.5,25.116490602088316
tianxing,eastasia_hard_remove,18,28.0,122.25,28.2,122.6,40.90450658120308
tianxing,eastasia_hard_remove,24,27.75,121.0,28.1,121.0,38.918278081736574
tianxing,eastasia_hard_remove,30,27.75,119.75,27.9,119.3,47.291208677596885
tianxing,eastasia_hard_remove,36,27.5,118.25,27.7,117.8,49.60774808174275
tianxing,eastasia_hard_remove,42,27.25,116.75,27.2,116.7,7.439911694849067
tianxing,eastasia_hard_remove,48,27.0,115.75,26.7,115.9,36.52721553989365
tianxing,eastasia_hard_remove,54,27.0,114.75,26.0,115.2,119.87306281574142
tianxing,eastasia_hard_remove,60,26.5,113.5,25.8,114.1,98.20912493383109
tianxing,eastasia_hard_remove,66,26.0,112.25,25.4,112.6,75.37197785525436
tianxing,eastasia_hard_remove,72,25.25,111.25,24.3,111.9,124.35925398960188
tianxing,eastasia_hard_remove,78,24.0,110.0,23.5,111.0,115.97296374831244
tianxing,eastasia_hard_remove,84,22.75,109.5,22.3,110.5,114.25178939874688
tianxing,eastasia_hard_remove,90,21.75,108.75,21.2,110.2,162.02376456525596
tianxing,eastasia_hard_remove,96,20.75,108.25,20.1,110.2,215.66721381986798
tianxing,eastasia_hard_remove,102,20.0,108.0,19.4,110.5,270.0832689873449
tianxing,eastasia_hard_remove,108,19.25,108.25,19.0,111.0,290.2399477332367
tianxing,eastasia_hard_remove,114,19.0,108.25,18.8,112.0,395.1188297317024
tianxing,eastasia_hard_remove,120,18.75,108.75,19.2,113.5,501.9591622641095
tianxing,eastasia_hard_remove,126,18.5,109.0,20.0,114.4,590.866698665251
tianxing,eastasia_hard_remove,132,18.5,110.0,20.9,115.5,634.541369302082
tianxing,eastasia_hard_remove,138,18.75,111.0,21.4,116.3,626.9928605141952
tianxing,eastasia_hard_remove,144,18.75,111.75,22.0,116.9,647.0298989447884
tianxing,eastasia_hard_remove,150,19.0,112.5,22.2,117.2,604.8328878155269
tianxing,eastasia_hard_remove,156,19.0,113.25,22.9,118.2,672.398526795177
tianxing,eastasia_hard_remove,162,19.25,114.0,23.3,118.4,640.7226089032791
tianxing,eastasia_hard_remove,168,19.25,114.75,23.8,117.4,575.3718872165845
pangu_6h,eastasia_hard_remove,6,28.75,124.25,28.4,124.2,39.223351835343145
pangu_6h,eastasia_hard_remove,12,28.5,123.5,28.2,123.5,33.35852407006027
pangu_6h,eastasia_hard_remove,18,28.25,122.5,28.2,122.6,11.26495676698087
pangu_6h,eastasia_hard_remove,24,28.0,121.5,28.1,121.0,50.31104611441186
pangu_6h,eastasia_hard_remove,30,28.0,120.0,27.9,119.3,69.65067839741057
pangu_6h,eastasia_hard_remove,36,27.5,118.5,27.7,117.8,72.47523412920384
pangu_6h,eastasia_hard_remove,42,27.25,117.0,27.2,116.7,30.179490129449412
pangu_6h,eastasia_hard_remove,48,27.0,116.25,26.7,115.9,48.15021118619616
pangu_6h,eastasia_hard_remove,54,26.75,115.0,26.0,115.2,85.74323777165043
pangu_6h,eastasia_hard_remove,60,26.5,113.75,25.8,114.1,85.31669290725063
pangu_6h,eastasia_hard_remove,66,26.0,112.5,25.4,112.6,67.46520583038844
pangu_6h,eastasia_hard_remove,72,25.0,111.0,24.3,111.9,119.71346615797908
pangu_6h,eastasia_hard_remove,78,23.75,109.75,23.5,111.0,130.34280722812497
pangu_6h,eastasia_hard_remove,84,22.5,109.0,22.3,110.5,155.80205228447207
pangu_6h,eastasia_hard_remove,90,21.0,108.0,21.2,110.2,229.30662947749303
pangu_6h,eastasia_hard_remove,96,20.0,107.75,20.1,110.2,256.15624246377644
pangu_6h,eastasia_hard_remove,102,19.25,107.75,19.4,110.5,289.03594163963675
pangu_6h,eastasia_hard_remove,108,18.75,108.0,19.0,111.0,316.8648747796741
pangu_6h,eastasia_hard_remove,114,18.5,108.25,18.8,112.0,396.48372420099406
pangu_6h,eastasia_hard_remove,120,18.25,108.5,19.2,113.5,537.0146236002466
pangu_6h,eastasia_hard_remove,126,18.25,108.75,20.0,114.4,624.6045898110366
pangu_6h,eastasia_hard_remove,132,18.25,109.0,20.9,115.5,741.8978853408089
pangu_6h,eastasia_hard_remove,138,18.0,109.0,21.4,116.3,852.4248089474715
pangu_6h,eastasia_hard_remove,144,18.0,109.25,22.0,116.9,914.4964042135027
pangu_6h,eastasia_hard_remove,150,18.0,109.5,22.2,117.2,929.5641711754432
pangu_6h,eastasia_hard_remove,156,17.75,110.0,22.9,118.2,1028.6696827211158
pangu_6h,eastasia_hard_remove,162,17.75,110.5,23.3,118.4,1027.9912544970616
pangu_6h,eastasia_hard_remove,168,18.25,111.0,23.8,117.4,906.3938100956941
era5t,reference_verification,6,28.5,124.25,28.4,124.2,12.146568287824332
era5t,reference_verification,12,28.25,123.5,28.2,123.5,5.559754011677007
era5t,reference_verification,18,28.25,122.5,28.2,122.6,11.26495676698087
era5t,reference_verification,24,28.0,121.25,28.1,121.0,26.93573031830111
era5t,reference_verification,30,27.75,119.75,27.9,119.3,47.291208677596885
era5t,reference_verification,36,27.5,118.25,27.7,117.8,49.60774808174275
era5t,reference_verification,42,27.5,116.5,27.2,116.7,38.76819554186597
era5t,reference_verification,48,27.25,115.75,26.7,115.9,62.937817918199016
era5t,reference_verification,54,27.0,114.75,26.0,115.2,119.87306281574142
era5t,reference_verification,60,26.0,114.0,25.8,114.1,24.384963854929516
era5t,reference_verification,66,25.75,112.75,25.4,112.6,41.72510648946748
era5t,reference_verification,72,24.75,111.75,24.3,111.9,52.28807149576552
era5t,reference_verification,78,23.0,110.25,23.5,111.0,94.66901150061476
era5t,reference_verification,84,22.25,110.0,22.3,110.5,51.748092457018174
era5t,reference_verification,90,20.75,109.5,21.2,110.2,88.23801707833618
era5t,reference_verification,96,19.5,109.25,20.1,110.2,119.70561539622662
era5t,reference_verification,102,18.75,109.75,19.4,110.5,106.9391396354033
era5t,reference_verification,108,18.5,110.75,19.0,111.0,61.514280585386096
era5t,reference_verification,114,18.75,112.25,18.8,112.0,26.90040129183848
era5t,reference_verification,120,19.25,113.5,19.2,113.5,5.559754011677007
era5t,reference_verification,126,19.75,114.75,20.0,114.4,45.960208048843036
era5t,reference_verification,132,20.5,116.0,20.9,115.5,68.4335431183809
era5t,reference_verification,138,21.5,116.75,21.4,116.3,47.88104348131733
era5t,reference_verification,144,22.0,117.25,22.0,116.9,36.084391211726455
era5t,reference_verification,150,22.5,117.75,22.2,117.2,65.6670021072577
era5t,reference_verification,156,23.0,118.25,22.9,118.2,12.241507818479235
era5t,reference_verification,162,23.75,118.0,23.3,118.4,64.55136523181841
era5t,reference_verification,168,24.0,117.25,23.8,117.4,26.96493867558324
